{
	"data":[{
		"ID":10000111,
		"parentID":0,
		"name":"alex",
		"hasChildren":true,
		"crawlerID":null,
		"crawlerStatus":null,
		"createTime":"2018-06-29",
		"updateTime":"2018-07-02"
	},{
		"ID":10000122,
		"parentID":0,
		"name":"dand",
		"hasChildren":true,
		"crawlerID":11111,
		"crawlerStatus":"success",
		"createTime":"2018-06-25",
		"updateTime":"2018-07-02"
	},{
		"ID":10000122,
		"parentID":0,
		"name":"dand",
		"hasChildren":true,
		"crawlerID":111,
		"crawlerStatus":"crawlering",
		"createTime":"2018-06-21",
		"updateTime":"2018-07-02"
	}]
}